image_name,count,img_size
taccsciapps/ipt-web:1.1,14225,1132609088
taccsciapps/winnow:latest,11466,2876442096
taccsciapps/winnow:stable,11466,2876442096
taccsciapps/ipt-webterm:latest,9901,2087313082
taccsciapps/ipt-webterm:dev,9860,2178901119
taccsciapps/ipt-webterm:0.1,9721,2178901119
taccaci/ubuntu-vnc-paraview-express:latest,7942,3523412564
taccaci/designsafe-qgis-duvd:3.14.16,7806,2357831180
taccaci/designsafe-matlab-duvd-19a:latest,7565,1434341926
tacctest/foo:latest,7488,682165118
tacc/openstack-cli:liberty,7394,757788801
tacc/openstack-cli:latest,7234,761930154
tacc/gigafetch:latest,6997,430517995
taccsciapps/bioperl:latest,6903,1458589091
tacc/generic_signup_app_web:latest,6519,992583791
tacc/sgci_signup_app_web:latest,6518,999086103
tacc/sleep-counter:latest,6503,936587238
taccaci/sharelatex:latest,6411,3698910166
tacchan7412/xvfb-node:latest,6318,1203314037
taccwma/enyw-portal:2dfc143,6265,1143345949
taccwma/enyw-portal:3da2a11,6265,1143345947
taccwma/enyw-portal:3f4966f,6265,1143345950
taccwma/enyw-portal:5f6bc16,6265,1143346037
taccwma/enyw-portal:2f17a1d,6265,1143345855
taccsciapps/jhub-metrics-api:1.0.1,6188,963042804
taccsciapps/jhub-metrics-api:1.0.2,6188,963045249
taccsciapps/jhub-metrics-api:1.0.0,6188,963039753
taccsciapps/jhub-metrics-api:latest,6188,963039580
taccaci/docker-ubuntu-vnc-desktop-application-base:0.2,6143,1253539487
taccaci/docker-ubuntu-vnc-desktop-application-base:0.3,6137,1097856644
taccaci/docker-ubuntu-vnc-desktop-application-base:0.4,6137,1097868842
tacc/keys-api:1.0.3,6096,992473209
tacc/cii-api:dev,6085,1006989981
tacc/cii-api:prod,6085,1007040383
tacc/iipsrv-openjpeg-docker:latest,5886,668570810
taccwma/cyber-range-cms:a1d734e,5820,1376955983
taccwma/cyber-range-cms:aac6405,5820,1376956174
taccwma/cyber-range-cms:0d680d3,5774,1376955989
taccaci/docker-ubuntu-vnc-desktop-application-base:0.1,5771,1195247159
taccsciapps/hub-actor:latest,5702,754233969
taccaci/paraview-express-dcv:latest,5582,3938159844
taccaci/paraview-express-dcv:0.0.1,5582,3938451167
tacc/keys-api:1.0.2,5449,975145955
tacc/keys-api:1.0.1,5449,975115780
taccaci/serfnode:latest,5274,495180241
tacc/keys-nginx:0.1.2,5207,766988605
tacc/keys-api:1.0.0,5207,766996608
taccaci/uploadr:latest,5035,981047600
taccsciapps/jupyteruser-pub:latest,4966,4535793600
taccwma/3dem-org:05d6c3d,4934,1476681658
taccwma/3dem-org:latest,4934,1476681658
traceabilitychain/tacchain-tools:x86_64-1.3.4-test2,4915,1445734587
traceabilitychain/tacchain-tools:x86_64-1.3.4-xc,4915,1445948771
traceabilitychain/tacchain-tools:x86_64-1.4.1,4915,1446005820
traceabilitychain/tacchain-tools:x86_64-1.4.2,4915,1446005945
traceabilitychain/tacchain-tools:x86_64-1.3.4-test,4910,1445707121
tacc/apim-admin:1.0.0,4714,532105994
tacc/apim-admin:latest,4714,532105994
tacc/apim-admin:dev,4714,532105994
tacc/apim-admin-utils:dev,4708,514887272
tacc/apim-admin-utils:latest,4708,514887272
gcurbelo/tacc-test:dev,4694,1900347074
taccsciapps/praxis-jupyterhub:1.0.0,4694,1910744245
taccsciapps/jupyterhub-auth-v3:dev,4683,1855358631
taccsciapps/jupyterhub:2.0.2,4683,1900323814
taccsciapps/jupyterhub:2.0.4,4683,1900347135
taccsciapps/jupyterhub:2.0.5,4683,1900369355
taccsciapps/jupyterhub:2.0.3,4682,1900344218
traceabilitychain/tacchain-javaenv:x86_64-1.1,4681,1424938021
traceabilitychain/tacchain-javaenv:x86_64-1.2,4681,1425032037
traceabilitychain/tacchain-javaenv:x86_64-1.3,4681,1425030958
traceabilitychain/tacchain-javaenv:x86_64-1.3.1,4681,1425030970
traceabilitychain/tacchain-javaenv:x86_64-1.3.3,4681,1425030955
traceabilitychain/tacchain-couchdb:x86_64-1.0,4678,1514094284
traceabilitychain/tacchain-couchdb:x86_64-1.1,4678,1514094284
taccsciapps/jupyterhub-ds:0.0.5,4671,1855330731
taccsciapps/jupyterhub-ds:0.0.7,4671,1855354419
taccsciapps/jupyterhub-ds:0.0.6,4671,1855331561
taccsciapps/jupyterhub-ds:0.0.8,4670,1855354481
taccsciapps/demonstrate:latest,4638,1021016760
taccwma/core-portal-cms:78753bf,4637,1485076009
traceabilitychain/tacchain-kafka:x86_64-1.0,4602,1309370123
traceabilitychain/tacchain-kafka:x86_64-1.1,4602,1309370123
traceabilitychain/tacchain-zookeeper:x86_64-1.0,4519,1326545707
traceabilitychain/tacchain-zookeeper:x86_64-1.1,4519,1326545707
traceabilitychain/tacchain-buildenv:x86_64-1.1,4437,1322112399
traceabilitychain/tacchain-buildenv:x86_64-1.3.1,4437,1322125075
traceabilitychain/tacchain-buildenv:x86_64-1.3.3,4437,1322125075
traceabilitychain/tacchain-ccenv:x86_64-1.3.4-test2,4437,1293135847
traceabilitychain/tacchain-buildenv:x86_64-1.3,4437,1322125075
traceabilitychain/tacchain-ccenv:x86_64-1.3.4-test,4437,1293135847
traceabilitychain/tacchain-ccenv:x86_64-1.3.4-xc,4437,1293149678
traceabilitychain/tacchain-ccenv:x86_64-1.4.2,4437,1276840014
traceabilitychain/tacchain-baseimage:x86_64-0.3.1,4437,1268221783
traceabilitychain/tacchain-buildenv:x86_64-1.2,4437,1322112399
traceabilitychain/tacchain-ccenv:x86_64-1.4.1,4432,1276840014
tacc/cii:1.0.12,4403,1093062677
tacc/cii:1.0.12-stg,4403,1093062677
tacc/cii:1.0.12-dev,4403,1093062677
tacc/dipnet_sl:v1,4349,3565345553
tacc/dipnet_sl_controller:v1,4348,3238041862
tacc/cii-etl:staging,4337,947027062
tacctjordan/my_actor:latest,4336,894668263
tacc/cii-etl:production,4336,945842665
taccwma/frontera-portal:latest,4317,1489084287
taccwma/frontera-portal:a21d8ec,4317,1489783817
taccwma/frontera-portal:master,4317,1489084287
taccaci/designsafe-duvd-qgis:3.14.16-alpha,4294,2340820172
tacc/cii:1.0.11-stg,4290,1008102396
tacc/cii:1.0.11,4290,1008102396
taccaci/designsafe-qgis-duvd:3.14.16-alpha,4290,2340820175
taccaci/designsafe-duvd-qgis:3.14.16,4286,2337853123
taccwma/frontera-portal:75777bb,4266,1489781750
taccwma/frontera-portal:aeb06be,4266,1489783575
taccsciapps/gatk:latest,4260,573335148
taccwma/tapis-project-org:144a7d2,4183,1541810160
taccwma/tapis-project-org:06058da,4183,1541810087
taccwma/tapis-project-org:1289d38,4183,1541815238
taccaci/alignem-swiftng-dev:0.0.8u1,4144,9159007471
nriveira/colginlab:latest,4090,7854172283
taccwma/cyber-range-cms:latest,4085,1400365051
taccwma/cyber-range-cms:1bcf7ac,4085,1400365051
tacc/reactors:0.8.0,4064,1171267534
asun88/tacc-maverick-ml2:latest,4060,10200382585
tacchang/centos7_apache24_python3:latest,4057,658334001
taccwma/cyber-range:b365761,4036,1832540420
taccwma/cyber-range:455e925,4036,1832540420
tacc/ga4gh-repo:latest,4004,759624246
taccsciapps/jupyteruser-sd2e:latest,3997,
taccsciapps/jupyteruser-tacc:0.1.0,3997,
taccsciapps/jupyteruser-tacc:latest,3997,
gcurbelo/tacc-default-desc:dev,3955,1883466650
taccwma/cyber-range:b15ab6f,3950,1848177048
tacc/dipnet_sl_tf_server:v1,3944,3006651159
nathanfranklin/tacc-qgis:release-2.18.27,3916,1281336292
tacc/clients-api:latest,3910,638685595
tacc/apim-migrations:latest,3882,630648314
tacc/apim-migrations:1.5.0,3882,630648314
tacc/apim-migrations:dev,3882,633691868
tacc/reactors:latest,3875,1169176036
tacc/reactors:python3,3875,1169176036
tacc/reactors:python3.7,3875,1169176036
taccwma/cyber-range:d4c34f4,3871,1862600014
tacc/reactors:python3.6,3871,1167992816
tacc/shade_webui:v1,3871,1492559715
sd2e/tacc-ml-jupyter:centos7-cuda10-tf2.1-pt1.3-tr4.2.1,3854,5846374592
taccwma/cyber-range:latest,3829,1862600014
tacc/hello-world:latest,3827,899652481
tacc/diplomacy_webui:latest,3803,1509175934
sd2e/tacc-ml-jupyter:ppc64le-centos7-cuda10-tf1.15-pt1.2,3793,8753824505
taccwma/frontera-docs:dc08437,3742,1021696241
taccwma/frontera-docs:latest,3742,1021735375
taccwma/frontera-docs:ef20b45,3742,1021735375
taccwma/frontera-docs:latest-master,3740,1024408331
taccwma/frontera-docs:development,3740,1024407859
asun88/tacc-singularity-maverick:gpr,3738,42952218689
tacc/apim:dev,3733,2058412051
tacc/apim:1.3.0,3733,2058412051
tacc/apim:1.4.0,3729,2058412051
taccsciapps/jupyter-pyspark-ds:latest,3707,
tacc/profiles-api:latest,3698,635602019
tacc/clients-api:1.3.0,3696,692841771
tacc/clients-api:1.4.0,3696,692841771
tacc/agave_id_dedicated:0.2,3691,607575374
tacc/agave_id_dedicated:0.2.0,3691,607575329
tacc/agave_id_dedicated:latest,3691,607575329
taccdash/showusthedata-api:d0b749c6,3689,974287064
taccdash/showusthedata-api:main,3689,974287170
taccdash/showusthedata-api:dev,3689,974286676
taccdash/showusthedata-api:production,3689,974287092
taccdash/showusthedata-api:2316a342,3689,974287092
tacc/auth-service-base:latest,3682,593838810
tacc/auth-service-base:dev,3682,593838810
asun88/tacc-singularity-maverick:0705,3661,19549685363
tacc/agave_id:dev,3659,611284939
tacc/agave_id:latest,3659,611284957
tacc/apim:1.5.0-rc1,3646,2073128616
tacc/apim:1.5.0,3646,2073128616
asun88/tacc-singularity-maverick:torch,3643,28606684016
taccsciapps/jupyteruser-sd2e:0.1.0,3638,
taccsciapps/jupyteruser-sd2e:0.2.0,3638,
taccsciapps/jupyteruser-sd2e:0.2.1,3638,
taccwma/protx-portal:ea75242,3624,2040413449
taccwma/protx-portal:1932517,3624,2040406315
taccwma/protx-portal:1f84071,3624,1944599572
snovotney/tacc-pytorch:latest,3615,6247958110
asun88/tacc-singularity-maverick:latest,3611,6590153602
gzynda/tacc-maverick-ml:latest,3608,6235679840
gzynda/tacc-maverick-ml:0.0.1,3608,6235679840
tacca/hello_express:latest,3580,937718194
taccaci/designsafe-duvd-matlab:19a,3564,1501836632
inosirov/tacc:latest,3563,6921375095
taccsciapps/ds-cuda-workshop:1.0.1,3554,6077483444
taccsciapps/ds-cuda-workshop:latest,3554,6077484320
tacc/profiles-api:1.3.0,3533,682468037
tacc/profiles-api:1.4.0,3533,682468037
taccaci/designsafe-duvd-matlab:20a,3527,1562430164
tacc/clients-api:1.5.0-rc1,3522,702781150
tacc/clients-api:1.5.0,3522,702781150
taccwma/tup-cms:latest,3509,1262439709
taccwma/tup-cms:c481c53,3487,1265162606
taccwma/neuronex-cms:4ed782d,3487,1264916313
taccwma/tup-cms:066f0a3,3487,1263076512
taccwma/tup-cms:4ed782d,3487,1264909566
tacc/tapis-cli:latest,3459,1280690931
taccsciapps/jupyteruser-tc:1.1.0,3458,10451089191
taccwma/protx-portal:af40d8d,3457,2040489344
taccsciapps/jupyteruser-tc:1.0.0,3454,10470801380
taccsciapps/jupyter-sd2e-base:latest,3450,4145682091
tacc/tacc-ml:ppc64le-centos7-cuda11-tf2.7-pt1.10,3444,9592246589
gzynda/tacc-centos7-mvapich2.3-psm2:0.0.2,3438,633601171
tacc/tacc-centos7-mvapich2.3-psm2:0.0.2,3438,633601171
gzynda/tacc-centos7-mvapich2.3-psm2:latest,3438,633601171
tacc/tacc-centos7-mvapich2.3-psm2:0.0.3,3434,774466636
gzynda/tacc-centos7-mvapich2.3-ib:latest,3432,639708002
gzynda/tacc-centos7-mvapich2.3:0.0.2,3432,611580378
gzynda/tacc-centos7-mvapich2.3:hikari,3432,611580378
gzynda/tacc-centos7-mvapich2.3:wrangler,3432,611580378
tacc/tacc-centos7-mvapich2.3-ib:0.0.2,3432,639708002
gzynda/tacc-centos7-mvapich2.3-ib:0.0.2,3432,639708002
gzynda/tacc-centos7-mvapich2.3:maverick2,3432,611580378
gzynda/tacc-centos7-mvapich2.3:latest,3432,611580378
tacc/tacc-centos7-mvapich2.3-ib:0.0.3,3428,774779755
taccsciapps/jupyteruser-nn:0.1.0,3427,4254840064
taccsciapps/jupyteruser-nn:latest,3427,4253152231
tacc/apidocs-api:2.2.24,3424,78022824
tacc/apidocs-api:2.4.3,3424,78022810
tacc/logging-api:2.2.19,3424,76820111
tacc/postits-api:2.4.4,3424,76881612
tacc/stats-api:2.2.14,3424,172374537
tacc/tenants-api:2.4.5,3424,77361879
tacc/tenants-api:2.4.6,3424,77361879
tacc/tenants-api:2.4.7,3424,77361879
tacc/usage-api:2.2.21,3424,79201399
tacc/usage-api:2.2.23,3424,79201349
tacc/apidocs-api:2.4.0,3424,78022810
tacc/apidocs-api:2.4.1,3424,78022810
tacc/logging-api:2.2.20,3424,76820111
tacc/postits-api:2.4.2,3424,76881381
tacc/postits-api:2.4.5-dev,3424,76881612
tacc/tenants-api:2.4.8,3424,77361879
tacc/tenants-api:2.4.9,3424,77361879
tacc/usage-api:2.2.19,3424,79201399
tacc/usage-api:2.2.22,3424,79201349
taccaci/xsede-system-status-check-api:latest,3424,91619135
tacc/apidocs-api:2.4.2,3424,78022810
tacc/logging-api:2.2.21,3424,76820111
tacc/logging-api:2.2.22,3424,76820111
tacc/logging-api:2.2.23,3424,76820111
tacc/postits-api:2.4.1,3424,76881381
tacc/stats-api:2.2.12,3424,241497287
tacc/stats-api:2.2.17,3424,228204474
tacc/stats-api:2.2.18,3424,230143619
tacc/stats-api:2.2.19,3424,231723787
tacc/usage-api:2.2.20,3424,79201399
taccwma/protx-portal:33a8e9c,3410,2040486842
tacc/profiles-api:1.5.0,3406,692094202
tacc/profiles-api:1.5.0-rc1,3406,692094202
sd2e/tacc-ml-jupyter:centos7-cuda10-tf2.2-pt1.7,3399,7191298477
tacc/deployer:0.1.0,3396,602822785
tacc/deployer:dev,3396,602959274
tacc/deployer:latest,3396,602822785
tacc/deployer:0.1-rc1,3396,602822796
gzynda/tacc-centos7-impi2019:0.0.2,3387,1115196534
gzynda/tacc-centos7-impi2019:stampede2,3387,1115196534
gzynda/tacc-centos7-ompi4.0.2:hikari,3387,566773023
gzynda/tacc-centos7-impi2018:0.0.2,3387,1115196765
gzynda/tacc-centos7-impi2019:latest,3387,1115196534
gzynda/tacc-centos7-ompi4.0.2:maverick2,3387,566773023
gzynda/tacc-centos7-ompi4.0.2:wrangler,3387,566773023
gzynda/tacc-centos7:0.0.2,3387,524438574
gzynda/tacc-centos7-impi2018:latest,3387,1115196765
gzynda/tacc-centos7-impi2018:stampede2,3387,1115196765
gzynda/tacc-centos7-ompi4.0.2:0.0.2,3387,566773023
gzynda/tacc-centos7-ompi4.0.2:latest,3387,566773023
gzynda/tacc-centos7:latest,3387,524438574
tacc/tacc-centos7:0.0.2,3387,524438574
tacc/tacc-centos7:0.0.3,3383,546901579
sxscollaboration/specbuildenvtacc:latest,3377,1397746300
taccwma/sciviscolor-cms:latest,3369,1441847374
tacc/apim-test:latest,3368,600637962
tacc/apim_httpd:rc-1,3368,600638345
tacc/apim_httpd:rc-2,3368,600638346
tacc/auth-proxy:1.5.0,3359,602258906
tacc/auth-proxy:1.5.0-rc1,3359,602258906
docamp10/tacc-docampo:latest,3351,17922044337
enho/tacc-ml:centos7-cuda10-tf2.1-pt1.3,3351,6597628540
tacc/gateways19-classifier:latest,3338,1264760431
tacc/pearc19-classifier:latest,3333,1264760431
taccsciapps/abaco_classifier:latest,3333,1264778151
taccsciapps/classify_image:latest,3333,1264760431
taccaci/designsafe-qgis-duvd:3.16.3,3320,2190196309
taccaci/designsafe-qgis-duvd:3.16.3-alpha,3320,2190196316
tacc/tacc-centos7-ppc64le-mvapich2.3-ib:0.0.5,3312,873930016
tacc/tacc-centos7-ppc64le-mvapich2.3-ib:latest,3312,873930016
tacc/tacc-centos7-ppc64le:0.0.5,3276,637188063
tacc/tacc-centos7-ppc64le:latest,3276,637188063
tacc/auth-lb:1.0.0,3263,566874894
tacc/auth-lb:dev,3263,566874894
tacc/auth-lb:latest,3263,566874850
tacc/template-compiler:latest,3252,563781501
tacc/template-compiler:1.5.0,3252,563781501
tacc/template-compiler:dev,3252,563781501
tacc/auth-proxy:latest,3237,609014895
tacc/auth-proxy:1.6.0,3237,609014895
tacc/auth-proxy:dev,3237,609014895
kdavid2/tacc-pytorch-0.4.1:v2,3231,5280932874
taccsciapps/jupyteruser-hetdex:1.25,3230,3196626645
kdavid2/tacc-pytorch-0.4.1:v1,3227,5271324240
tacc/tacc-centos7-impi18.0.2-psm2:0.0.4,3198,1233120358
tacc/tacc-centos7-impi18.0.2-psm2:latest,3198,1233120358
tacc/tacc-centos7-mvapich2.3-psm2:0.0.4,3198,737931125
wangyinz/tacc-containers:tacc-centos7-impi19.0.7-common,3196,1935410471
tacc/tacc-centos7-impi19.0.7-common:0.0.4,3196,1934593488
tacc/tacc-centos7-mvapich2.3-ib:0.0.4,3192,744351325
tacc/tacc-centos7-impi19.0.5-ib:latest,3190,1625968076
tacc/tacc-centos7-impi19.0.5-ib:0.0.4,3190,1625968076
asun88/tacc-centos7-impi19.0.7-common:latest,3159,27770234937
taccsciapps/jupyteruser-hetdex:1.26,3157,3058201525
taccsciapps/jupyteruser-hetdex:1.24,3157,2758770710
taccsciapps/jupyteruser-hetdex:1.28,3156,3058201525
taccsciapps/jupyteruser-latex:0.1,3156,4487858008
taccsciapps/jupyteruser-hetdex:1.27,3156,3058201525
tacc/tacc-centos7:0.0.4,3153,515797332
tacc/tacc-ml:centos7-cuda11-tf2.6-pt1.10,3099,9124583658
taccsciapps/jupyteruser-adcirc:0.1,3075,4522664468
taccsciapps/ipt-actor:0.1,3074,507426429
taccsciapps/ipt-actor:dev,3074,507426429
taccsciapps/ipt-actor:latest,3074,507419131
taccsciapps/ipt-actor:0.2,3074,507426385
taccsciapps/jupyteruser-sim:1.3,3072,4522664468
taccsciapps/jupyteruser-sim:1.2,3070,4408761200
tacc/python2-reactor:0.2.2,3068,497774834
tacc/python2-reactor:0.5.0,3068,497774834
taccsciapps/resource-tracking:latest,3045,725387092
taccsciapps/jupyteruser-tc:0.0.4,3033,7137035105
taccsciapps/jupyteruser-tc:0.0.2,3032,7136937538
taccsciapps/jupyteruser-tc:0.0.3,3032,7136951331
taccwma/epoc-cms:latest,3025,1443280377
tacc/slapd:latest,3011,359482809
taccsciapps/jupyeruser-base:slim,3011,5093038504
tacc/slapd:1,3011,359482809
asedhain/tacc-maverick:1.0,3007,5515229155
asedhain/tacc-maverick:1.2,3006,5504818262
asedhain/tacc-maverick:1.1,3006,5504817810
yakuo0602/tacc_ubuntu_champ:v1,2996,1559064256
yakuo0602/tacc_ubuntu_champ:version1,2996,1559064256
taccaci/namd:2.14,2993,2708978488
gzynda/tacc-maverick-cuda8:0.0.1,2992,2228134780
gzynda/tacc-maverick-cuda8:latest,2992,2228134780
tacc/tacc-centos7-mvapich2.3-psm2:latest,2992,773272343
tacc/tacc-centos7-mvapich2.3-psm2:0.0.5,2992,773272343
uvilla/tacc:v1.2,2992,1712344554
uvilla/tacc:v1.0,2992,2841707631
uvilla/tacc:v1.1,2992,1712344554
asun88/tacc-centos7-impi19.0.7-common:0819,2990,5072752154
asun88/tacc-centos7-impi19.0.7-common:0820,2990,3179599225
tacc/tacc-centos7-impi19.0.7-common:latest,2990,1970944888
tacc/tacc-centos7-impi19.0.7-common:0.0.5,2990,1970944888
gzynda/tacc-maverick-ml:0.0.2,2986,4969087111
tacc/tacc-centos7-mvapich2.3-ib:0.0.5,2986,779708063
tacc/tacc-centos7-mvapich2.3-ib:latest,2986,779708063
taccsciapps/praxisai-base:0.1.1,2982,10357028306
taccsciapps/jupyteruser-base:0.1.10,2978,5059460296
taccsciapps/jupyteruser-base:0.1.11,2978,5097693734
taccsciapps/jupyteruser-base:0.1.9,2974,4946381751
tacc/dumbbot:v1,2961,1749727969
tacc/postits-api:2.4.3,2959,76881381
tacc/tacc-centos7:0.0.5,2950,549322884
tacc/tacc-centos7:latest,2950,549322884
tacc/email-actor:1.0,2895,925915332
tacc/hello-world:1.0,2895,925914545
tacc/slackbot-actor:1.0,2895,926625005
yakuo0602/tacc_ubuntu_champ:version3,2886,1683416612
tacc/keys-api:1.0.4,2818,976369488
clos21/taccjm:0.0.0,2809,1051537351
clos21/taccjm:0.0.1,2809,1051537618
tacc/tapisv3-cli:1.1.0,2808,948683256
tacc/tapisv3-cli:latest,2808,948683256
yakuo0602/tacc-ubuntu-champ-ncb:v1,2779,2168200697
yakuo0602/tacc-ubuntu-champ:version6,2779,2165414831
yakuo0602/tacc-ubuntu-champ:version4,2759,1605166373
yakuo0602/tacc-ubuntu-champ:version5,2759,2149204456
tacc/pyrandom:latest,2755,936300666
holms/mongodb-sync:latest,2745,616377550
tacck/ubuntu-14.04-ansible-1.7.2:0.1,2715,270015303
tacck/ubuntu-14.04-ansible-1.7.2:latest,2715,270015303
taccsciapps/ipython:latest,2664,650640061
taccaci/docker-ubuntu-vnc-desktop-application-base:0.5-alpha,2644,1291388294
taccsciapps/samtools:latest,2634,774874190
taccsciapps/jupyter-pyspark-ds:0.3,2632,
gzynda/tacc-stampede2-mpi:latest,2578,389311645
gzynda/tacc-stampede2-mpi:0.0.1,2578,389311645
taccsciapps/jupyteruser-sim:1.1,2532,3557996594
taccsciapps/jupyteruser-sim:1,2524,3064492732
sd2e/tacc-ml-jupyter:ubuntu16.04-cuda10-tf2.1-pt1.3,2449,5312182762
sd2e/tacc-ml-jupyter:ubuntu16.04-cuda9-tf1.14-pt1.3,2448,5169711077
tacck/php-pdo-mysql:5.6,2423,491366723
taccsciapps/fastqc:latest,2416,809302183
tacc/locust_load_tests:latest,2393,560071495
enho/tacc-ml:ppc64le-ubuntu16.04-cuda10-tf1.15-pt1.2,2373,13182548930
prithuls/tacc:latest,2345,10650610933
wangyinz/tacc-ubuntu18-mvapich2.3psm2:latest,2337,512948874
taccwma/frontera-cms:d7b7407,2336,1827601706
taccwma/example-cms:90ae8dbd,2335,1828374343
taccwma/example-cms:650f07b7,2335,1828374342
taccwma/example-cms:e9d4410c,2335,1828374342
taccwma/ptdatax-cms:1f03d950,2335,1828358998
taccwma/example-cms:2cdc59f8,2335,1828374791
taccwma/frontera-cms:476895d,2335,1827387391
taccwma/ptdatax-cms:56ef4404,2335,1828358997
taccwma/ptdatax-cms:ba2ee5a0,2335,1828358792
taccwma/3dem-cms:01206e1,2334,1828408592
taccwma/demdata-cms:1033636b,2334,1827729294
taccwma/demdata-cms:cdd8b18d,2334,1827729355
taccwma/ecep-cms:2b3c96e3,2334,1827833459
taccwma/frontera-cms:01206e1,2334,1828307789
taccwma/frontera-cms:f8dcdc9,2334,1828506147
taccwma/utrc-cms:f8dcdc9,2334,1828493765
taccwma/3dem-cms:latest,2334,1828291536
taccwma/brainmap-cms:01206e1,2334,1828402968
taccwma/demdata-cms:fd5947af,2334,1827729987
taccwma/epoc-cms:01206e1,2334,1828404080
taccwma/frontera-cms:ab5fec8,2334,1828503844
taccwma/utrc-cms:ab5fec8,2334,1828373799
taccwma/3dem-cms:40d5e89,2334,1828291536
taccwma/brainmap-cms:latest,2334,1828278964
taccwma/core-cms:01206e1,2334,1828145977
taccwma/demdata-cms:6c1545a2,2334,1827729294
taccwma/protx-cms:5d26e2b,2334,1829617525
taccwma/core-cms:9d388ff,2331,1940784411
taccwma/matcssi-cms:8912a691,2331,1940959465
taccwma/a2cps-cms:8912a691,2331,1940975008
taccwma/core-cms:5473db7,2331,1940910307
taccwma/core-cms:8a56b9d,2331,1940800790
taccwma/matcssi-cms:55484274,2331,1940959465
taccwma/core-cms:775749a,2331,1940798624
taccwma/lccf-tacc:5473db7,2330,1941418234
taccwma/sciviscolor-cms:5473db7,2330,1941528774
taccwma/texascale-cms:5473db7,2330,1941571635
taccwma/protx-cms:5473db7,2330,1941410498
taccwma/a2cps-cms:55484274,2320,1940975008
taccwma/tapis-project-org:latest,2319,1438574431
taccwma/lccf-tacc:latest,2304,1438573366
taccwma/tup-cms:38934a4,2302,1455932022
clos21/taccjm:latest,2294,1001361735
clos21/taccjm:0.0.4,2294,1001361735
taccsciapps/picard:latest,2289,602280414
taccdash/democratizingdata-api:2.0.0,2274,1087310637
taccdash/democratizingdata-api:release-1.5.0,2274,1087297725
taccdash/democratizingdata-api:pprd,2274,1087299656
tacc/julia:latest,2269,592074147
taccdash/democratizingdata-api:dev,2267,1154012117
taccdash/democratizingdata-api:latest,2267,1154012119
taccwma/colormovestacc:5f38bfe,2248,994515905
taccwma/colormovestacc:8a11548,2248,994838720
taccwma/colormovestacc:9d3dd95,2248,994629439
taccwma/colormovestacc:latest,2248,994629439
taccwma/colormovestacc:45a508d,2248,996123064
taccwma/example-cms:eb5d6ac1,2242,1437230029
taccwma/matcssi_cms:7138a65b,2242,1437241109
taccwma/utrc-cms:c35486d,2239,1472058123
taccwma/neuronex-cms:2f53ba7,2239,1472272899
taccwma/neuronex-cms:00ccdc8,2226,1472273657
tacck/mywhale:latest,2191,256818816
taccaya/docker-whale:latest,2191,277497387
gzynda/tacc-ubuntu18-impi2019:0.0.2,2160,488723548
gzynda/tacc-ubuntu18-impi2019:latest,2160,488723548
gzynda/tacc-ubuntu18-impi2019:stampede2,2160,488723548
tacc/csc_jupyter:dev,2153,8266587280
tacc/pipeline_importer:v2.0.0,2143,679673813
tacc/github-runner-python3:latest,2125,1105706261
arkottke/tacc-svl-intel:latest,2123,2841083929
gzynda/tacc-ubuntu18-mvapich2.3-psm2:0.0.2,2121,496665617
gzynda/tacc-ubuntu18-mvapich2.3-psm2:latest,2121,496665617
tacc/tacc-ml:ubuntu16.04-cuda10-tf2.4-pt1.7,2117,6059027835
tacc/tacc-ubuntu18-mvapich2.3-ib:0.0.2,2116,472437589
tacc/tacc-ubuntu18-mvapich2.3-psm2:0.0.2,2116,496665617
gzynda/tacc-ubuntu18-mvapich2.3-ib:latest,2107,458788108
gzynda/tacc-ubuntu18-mvapich2.3-ib:0.0.2,2107,458788108
tacc/tacc-ubuntu18-mvapich2.3-psm2:0.0.3,2102,496710267
tacc/tacc-ubuntu18-mvapich2.3-ib:0.0.3,2102,472956393
taccsciapps/darpa-shade:220224,2056,8798862036
taccsciapps/darpa-shade:220215,2053,8786931838
taccwma/epoc-cms:f3994b3,2040,1472542930
taccwma/epoc-cms:c19e0d7,2033,1431476982
taccwma/tapis-project-org:c19e0d7,2033,1431476995
taccwma/neuronex-cms:c19e0d7,2032,1431481856
taccwma/brainmap-cms:c19e0d7,2032,1431476992
taccwma/utrc-cms:c19e0d7,2032,1431482284
gzynda/tacc-ubuntu16-mvapich2.3:0.0.2,2020,459631270
gzynda/tacc-ubuntu16-mvapich2.3:maverick2,2020,459631270
gzynda/tacc-ubuntu16-mvapich2.3:wrangler,2020,459631270
gzynda/tacc-ubuntu16-mvapich2.3:hikari,2020,459631270
gzynda/tacc-ubuntu16-mvapich2.3:latest,2020,459631270
tacc/minfs:rootfs,2014,825444498
taccwma/ecep_cms:4fe44ca,1981,1435011338
taccwma/ecep_cms:5484b55,1979,1436854087
taccwma/3dem-cms:bea4943,1979,1436644818
taccwma/ecep_cms:6dfeb6c,1979,1436853521
taccwma/netsage-cms:927a3ce1,1979,1437000745
taccwma/3dem-cms:40bbeb5,1979,1436654812
taccwma/ecep_cms:6bb3f59,1979,1436865586
taccwma/matcssi-cms:650f07b7,1979,1436835849
taccwma/matcssi-cms:90ae8dbd,1979,1436835850
taccwma/matcssi-cms:eb5d6ac1,1979,1436835849
taccwma/netsage-cms:650f07b7,1979,1437000745
taccwma/netsage-cms:8afa42d6,1979,1437000728
taccwma/netsage-cms:90ae8dbd,1979,1437000746
taccwma/sciviscolor-cms:aba079b,1979,1436781280
taccwma/protx-cms:fb1be86,1978,1436643199
taccwma/a2cps-cms:9f9fba68,1978,1413698163
taccwma/demdata-cms:650f07b7,1978,1413694412
taccwma/a2cps-cms:650f07b7,1978,1413698163
taccwma/a2cps-cms:a7fd47d7,1978,1413698174
taccwma/protx-cms:8ed8063,1978,1436646974
taccwma/protx-cms:9600547,1978,1436646547
taccwma/lccf-tacc:c5bea4c,1977,1431765607
taccwma/netsage-cms:latest,1977,1445942099
taccwma/tapisproject-cms:650f07b7,1977,1431806380
taccwma/tapisproject-cms:7830fe9f,1977,1431751686
taccwma/texascale-cms:e405f43,1977,1445944179
taccwma/texascale-org:69be513,1977,1431802750
taccwma/texascale-org:a53d819,1977,1431621665
taccwma/tapisproject-cms:2db56701,1977,1431806983
taccwma/texascale-cms:3cb38fb,1977,1445939110
taccwma/texascale-cms:544d450,1977,1445944324
taccwma/texascale-org:c5bea4c,1977,1431805540
taccwma/lccf-tacc:cd2c989,1977,1431710906
taccwma/lccf-tacc:e89f9e4,1977,1431711366
taccwma/sciviscolor-cms:352339c,1977,1431481366
taccwma/sciviscolor-cms:c5bea4c,1977,1431766333
taccwma/tapisproject-cms:90ae8dbd,1977,1431806380
taccwma/tapisproject-cms:d9714c96,1977,1431806983
taccwma/texascale-org:914f96f,1977,1431803431
taccwma/texascale-org:cd2c989,1977,1431750853
taccwma/apcd-cms:69be462,1976,1432083154
taccwma/apcd-cms:90ae8db,1976,1432083155
taccwma/apcd-cms:v1.0.4-apcd,1976,1432083154
taccwma/brainmap-cms:7cda385,1976,1431485572
taccwma/apcd-cms:ab2dd0c,1976,1432083518
taccwma/apcd-cms:main,1976,1432083518
taccwma/epoc-cms:c5bea4c,1976,1436640151
taccwma/brainmap-cms:c5bea4c,1976,1431767383
taccwma/ecep-cms:7bf1c937,1974,1445901793
taccwma/ecep-cms:b388e4b7,1974,1445901793
taccwma/ecep-cms:650f07b7,1974,1445901793
gzynda/tacc-ubuntu16-ompi4.0.2:0.0.2,1972,331981699
gzynda/tacc-ubuntu16-ompi4.0.2:latest,1972,331981699
gzynda/tacc-ubuntu16-ompi4.0.2:hikari,1972,331981699
gzynda/tacc-ubuntu16-ompi4.0.2:maverick2,1972,331981699
gzynda/tacc-ubuntu16-ompi4.0.2:wrangler,1972,331981699
taccwma/texascale-cms:9e4726e,1965,1445939898
taccwma/neuronex-cms:c5bea4c,1964,1431772532
taccwma/utrc-cms:c5bea4c,1964,1431771737
taccwma/ecep-cms:90ae8dbd,1963,1445901793
gzynda/tacc-ubuntu16-impi2018:stampede2,1962,841328186
gzynda/tacc-ubuntu16-impi2018:0.0.2,1962,841328186
gzynda/tacc-ubuntu16-impi2018:latest,1962,841328186
taccsciapps/blast:latest,1935,1346534182
tacc/ds-cuda-workshop1.0.2-test:latest,1916,5388283505
tacc/jupyter-hpc-notebook:0.1,1901,5207946635
taccsciapps/jupyteruser-base:2022,1890,5243680685
taccsciapps/jupyteruser-base:220214,1890,5243680685
taccsciapps/ds-nb-img:base-0.1.0-rc.6,1865,5454961044
arkottke/tacc-svl-openmpi:latest,1858,1080725509
nathanfranklin/tacc-qgis:latest,1855,925818482
nathanfranklin/tacc-qgis:release-3.4.8,1855,925845430
yakuo0602/tacc-ubuntu-champ:v3,1851,1525163186
yakuo0602/tacc-ubuntu-champ-jami:v2,1847,1530344616
yakuo0602/tacc-ubuntu18-champ-ncb:v11,1847,1528912530
yakuo0602/tacc-ubuntu18-champ-ncb:v12,1847,1530111141
yakuo0602/tacc-ubuntu18-champ:v9,1847,1526574325
yakuo0602/tacc_ubuntu18_champif:cor2,1847,2599361391
yakuo0602/tacc_ubuntu18_champif:rev2-035,1847,2599311629
yakuo0602/tacc-ubuntu-champ-jami:v3,1847,1530373930
yakuo0602/tacc-ubuntu18-champ-init:v6,1847,1526518173
yakuo0602/tacc-ubuntu18-champ-map:v7,1847,1526493491
yakuo0602/tacc-ubuntu18-champ:v5,1847,1528231852
yakuo0602/tacc-ubuntu18-champ:v8,1847,1527376925
yakuo0602/tacc-ubunut18-champ-ncb:v10,1847,1526282058
yakuo0602/tacc_ubuntu18_champif:rev1,1847,2599232911
yakuo0602/tacc_ubuntu18_champif:rev2,1847,2599278970
yakuo0602/tacc-ubuntu-champ-jami:v1,1847,1530128958
yakuo0602/tacc-ubuntu18-champ-ncb:v13,1847,1530319072
yakuo0602/tacc-ubuntu18-champ:v4,1847,1526791216
yakuo0602/tacc-ubuntu18-champ:v7,1847,1526490002
yakuo0602/tacc_ubuntu18_champif:rev2-015,1847,2599311648
clos21/tacc-frontera-adcirc:latest,1845,857727185
taccaci/pyreconstruct:0.0.1,1834,2754313219
rdiezdev/tacces:beta,1832,681843994
taccsciapps/ds-ng-img:base-0.1.1,1821,5727516557
taccsciapps/ds-nb-img:base-0.1.1,1818,5727516557
tacc/tacc-ubuntu18:0.0.2,1815,265801906
taccsciapps/ds-nb-img:base-0.1.0,1810,5490618893
gzynda/tacc-ubuntu18:0.0.2,1802,265722716
gzynda/tacc-ubuntu18:latest,1802,265722716
tacc/tacc-ubuntu18:0.0.3,1801,265722716
yakuo0602/tacc-ubuntu18-simple-install:v3,1799,832076275
gcurbelo/tacc-2-test:dev,1792,1232240733
taccsciapps/bowtie:latest,1773,659608864
wangyinz/tacc-containers:tacc-ubuntu18-intel19.1.1-impi19.0.7-common,1772,15469849980
jad952/tacc_rapids:v1,1763,10439549383
taccaci/opensees-mp:3.5.0,1752,4278081254
taccaci/opensees-sp:3.5.0,1752,4251311650
taccaci/opensees-mp:3.0.0,1752,4275440614
taccaci/namd:2.1.3,1744,4059949068
tacc/alphafold:2.1.1,1733,12449142010
tacc/tacc-ubuntu18-impi19.0.5-ib:0.0.4,1724,1701764397
tacc/tacc-ubuntu18-impi19.0.5-ib:latest,1724,1701764397
tacc/tacc-ubuntu18-impi19.0.7-common:0.0.4,1719,2039099794
tacc/tacc-ubuntu18-impi18.0.2-psm2:0.0.4,1715,958500429
tacc/tacc-ubuntu18-impi18.0.2-psm2:latest,1715,958500429
gcurbelo/tacc-collab:dev,1713,1186166153
wangyinz/tacc-containers:tacc-ubuntu18-impi19.0.7-common,1707,2048361637
tacc/diplomacy_server:latest,1698,960528597
taccsciapps/ds-nb-img:base-0.1.2,1693,10424250231
taccsciapps/jupyterhub:3.0.0,1686,1186133987
tacc/alphafold:2.2.0,1678,13168446739
carlosred/autodock-vina:latest,1671,698382986
taccsciapps/bwa:latest,1671,568245199
tacc/tacc-ubuntu18-mvapich2.3-ib:0.0.4,1664,477601060
tacc/tacc-ubuntu18-mvapich2.3-psm2:0.0.4,1664,501355006
taccsciapps/autodock-vina:latest,1663,582306166
taccsciapps/base:latest,1663,503171112
carlosred/autodock-vina:minworking,1662,582306585
tacc/tacc-ubuntu18-impi19.0.7-common:latest,1625,2048336907
tacc/tacc-ubuntu18-impi19.0.7-common:0.0.5,1625,2048336907
tacca/ubuntu18_jdk7_tomcat7_svn_ant_psql_hikari_autoconf_git:latest,1620,898044441
taccsciapps/jupyter-sd2e:2,1596,
clos21/tacc-frontera-minimal:latest,1594,534661277
tacc/csc_jupyter:latest,1586,4315223192
tacc/tacc-ubuntu18-mvapich2.3-ib:latest,1581,477653404
tacc/tacc-ubuntu18-mvapich2.3-psm2:latest,1581,501410430
tacc/tacc-ubuntu18-mvapich2.3-psm2:0.0.5,1581,501410430
tacc/tacc-ubuntu18-mvapich2.3-ib:0.0.5,1581,477653404
tacc/word-count:0.1.1,1575,296078189
tacck/php72:latest,1566,406210518
taccsciapps/ds-mpi:0.1.0,1554,11320866174
pennal/tacchini-sposi-server:latest,1545,1028169360
tacc/netsage-nfdump-collector:1.6.23,1540,1390177585
taccsciapps/fastlmm:latest,1526,211125904
taccwma/core-portal:00eb23e,1525,1697622188
taccwma/core-portal:latest,1525,1697687348
taccwma/core-portal:cb2ede2,1525,1697687348
taccwma/core-portal:main,1525,1697687348
taccwma/core-portal:f2e6a12,1517,1697632955
tacc/alphafold:2.2.3,1496,13187057870
taccsciapps/jupyter-sd2e:latest,1495,
tacc/covid19_dash_rolodex_public:032cc417,1492,2607095040
yakuo0602/tacc-ubuntu-champ:v2,1487,1488034564
yakuo0602/tacc-ubuntu18-simple-install:v2,1484,627888342
tacc/covid19_dash_rolodex_public:ead17b07,1474,2606812050
tacc/covid19_dash_rolodex_public:latest,1474,2637262525
tacc/covid19_dash_rolodex_public:staging,1474,2637262525
tacc/covid19_dash_rolodex_public:d9094e12,1474,2637262525
taccwma/tacc-docs:e0dc6164,1468,978282239
taccwma/tacc-docs:b44516bc,1468,978319099
taccwma/tacc-docs:1edbefbf,1468,978279120
taccwma/tacc-docs:latest,1468,978333110
taccwma/tacc-docs:main,1468,978333110
weigao05/tacc-ml:ubuntu20.04-cuda11-tf2.6-pt1.10-gdb-openmpi-emacs2.6-nbextension-user,1462,9834421841
gzynda/tacc-centos7:ls5,1451,201441282
gzynda/tacc-centos7:hikari,1451,201441282
gzynda/tacc-centos7:maverick2,1451,201441282
taccdash/covid19_dash_rolodex_public:24938fb9,1437,2616927186
taccdash/covid19_dash_rolodex_public:0241d6b0,1437,2615571141
weigao05/tacc-ml:ubuntu20.04-cuda11-tf2.6-pt1.10-emacs2.6-nbextension-user,1437,9451410555
tacca/laravel:latest,1431,495393732
taccsciapps/jupyteruser-ds:1.3,1404,
tacc/tacc-ubuntu18:0.0.4,1402,269021921
taccsciapps/jupyteruser-ds:1.2.32,1400,
taccsciapps/jupyteruser-ds:1.2.31,1399,
taccdash/covid19_dash_rolodex_public:3a5dc390,1394,2632651729
taccdash/covid19_dash_rolodex_public:latest,1394,2632651729
taccdash/covid19_dash_rolodex_public:staging,1394,2632651729
taccdash/covid19-variants-dash:50bd3722,1386,1430493926
taccdash/covid19-variants-dash:2c933956,1386,1430523139
tacc/tacc-ubuntu18:0.0.5,1324,269039181
tacc/tacc-ubuntu18:latest,1324,269039181
tacc/albert-ai:v1,1307,1137848922
tacc/albert-ai:latest,1307,1137847974
taccsciapps/jupyter_remover:latest,1275,507904383
traceabilitychain/tacchain-orderer:x86_64-1.3.4-test,1268,276095357
traceabilitychain/tacchain-orderer:x86_64-1.3.4-test2,1268,276122791
traceabilitychain/tacchain-orderer:x86_64-1.3.4-xc,1268,276112887
traceabilitychain/tacchain-peer:x86_64-1.3.4-test2,1268,279230736
traceabilitychain/tacchain-peer:x86_64-1.3.4-xc,1268,279410903
traceabilitychain/tacchain-orderer:x86_64-1.4.1,1268,276169072
traceabilitychain/tacchain-peer:x86_64-1.4.1,1268,279467952
traceabilitychain/tacchain-orderer:x86_64-1.4.2,1268,276169125
traceabilitychain/tacchain-peer:x86_64-1.3.4-test,1268,279203253
traceabilitychain/tacchain-peer:x86_64-1.4.2,1268,279468077
tacc/pipeline_logstash:v2.0.0,1251,997449408
taccsciapps/jupyterhub-ds:0.1.0,1243,1163580665
taccdash/covid19-variants-dash:3f2418fa,1227,1430739970
taccdash/covid19-variants-dash:master,1227,1430739970
taccdash/covid19-variants-dash:latest,1218,1430739970
dhardestylewis/tacc-ubuntu-mvapich2.3-psm2:latest,1175,527542484
davtang/poet:latest,1150,4762857060
taccdash/designsafe-noaa-stofs-vis:35dbbcd0,1138,1285524583
taccdash/designsafe-noaa-stofs-vis:53cb25b7,1138,1285280073
tacc/tacc-ml:ubuntu20.04-cuda11-tf2.6-pt1.10,1133,8854954351
yakuo0602/tacc_ubuntu18_champ_rev:v2.4,1124,2655738039
yakuo0602/tacc_ubuntu18_champ_rev:v2.5,1124,2655777754
yakuo0602/tacc_ubuntu18_champ_rev:v2.6.2,1124,2655872193
yakuo0602/tacc_ubuntu18_champ_rev:v2.6,1124,2655834826
yakuo0602/tacc_ubuntu18_champ_rev:v2.6.3,1124,2655907790
gzynda/tacc-ipyrad:0.0.1,1122,3200960577
dhardestylewis/tacc-ubuntu:latest,1118,317215201
tacc/tacc-ml:ppc64le-ubuntu20.04-cuda11-tf2.7-pt1.10,1110,9128937075
gzynda/tacc-ipyrad:latest,1106,3253357082
yakuo0602/tacc-ubuntu18-simple-install:v1,1088,579284055
mzheng321/taccgpt:backend,1070,1487751241
taccafields/sentiment-analysis:latest,1060,6588270800
taccaci/shakemap_sampler:55cb15a,1055,1190987233
taccaci/shakemap_sampler:8a3ae06,1053,1216629922
taccaci/shakemap_sampler:7753730,1052,1216639679
taccaci/shakemap_sampler:main,1052,1216639679
tacc/alphafold:2.3.0,1047,10418897428
tacc/alphafold:2.3.1,1047,10448427978
taccwma/protx-dashboard:cfb40a0,1045,2232865375
taccaci/shakemap_sampler:latest,1043,1216639679
taccaci/dcv:jammy,1040,2264383598
taccart/flaskdemo:202112,1033,417575675
taccaci/geoapi-util:latest,1020,248337783
taccafields/ml_exec_sys_test:latest,1017,6588390135
taccafields/ml_exec_sys_test:dev,1017,6588389674
taccafields/ml_exec_sys_test:version1.0,1017,6588390135
taccafields/ml_exec_sys_dir:latest,1017,6588391484
taccafields/ml_exec_sys_test:version1.01,1017,6588390135
taccwma/protx-dashboard:23c8ec3,1006,2269070277
taccsciapps/jupyteruser-ds-abaco:1.2.14,994,
taccaci/geoapi:79ba826,984,2289630173
taccaci/geoapi:2c451e4,980,2289642267
dhardestylewis/tacc-ubuntulatest-mvapich2.3-ib:latest,974,490688145
dhardestylewis/tacc-ubuntulatest-mvapich2.3-psm2:latest,974,516355373
eriksf/tacc-base:ubuntu18.04-cuda11-tf2.11-pt1.13-impi19.0.9-common,972,18318363704
eriksf/tacc-ml-mpi:ubuntu18.04-cuda11-tf2.11-pt1.13-mvapich2.3-ib,968,17226061787
taccaci/geoapi:5d5a593,958,2290849375
taccwma/protx-dashboard:3e1ff92,953,2263362461
taccafields/ml_exec_sys_dir:dev,952,7416466186
taccafields/ml_suite:dev,952,7416467067
taccafields/ml_exec_sys_test:dev2,952,7416465544
taccaci/geoapi:130a327,950,2290721618
taccaci/geoapi:latest,950,2290849375
dhardestylewis/tacc-ubuntulatest:latest,935,307840524
taccdash/a2cps-datastore-consort:4b698b1d,933,1334161201
taccdash/a2cps-datastore-consort:bd14e4cb,933,1334158881
taccdash/a2cps-datastore-enrollment:latest,933,1338928056
taccdash/a2cps-datastore-weekly:4be4f306,933,1338108816
taccdash/a2cps-datastore-weekly:ab9477e1,933,1338987070
taccdash/a2cps-datastore-consort:761822a9,933,1334158902
taccdash/a2cps-datastore-enrollment:3941a55e,933,1338927879
taccdash/a2cps-datastore-enrollment:cb9737e7,933,1338928040
taccdash/a2cps-datastore-enrollment:e68787be,933,1338925443
taccdash/a2cps-datastore-weekly:latest,933,1338106051
taccdash/a2cps-datastore-consort:469636fa,933,1334161094
taccdash/a2cps-datastore-consort:latest,933,1334158902
taccdash/a2cps-datastore-enrollment:4007bd08,933,1338928056
taccdash/a2cps-datastore-weekly:2ec6e467,933,1338984569
taccdash/a2cps-datastore-weekly:ad8dfcde,933,1338106051
tacca/ubuntu18_jdk7_tomcat7_svn_ant_psql_hikari_autoconf:latest,919,584030336
tacc/daide-bots:v1,907,497228798
tacca/ubuntu18_jdk8_tomcat7_svn_ant_psql_hikari_autoconf:latest,894,484747957
aruhela/tacc-test:latest,893,225537327
gregabram/tacc_clusterbase:latest,891,8698060030
taccaci/geoapi-workers:79ba826,832,4211203763
taccaci/geoapi-workers:2c451e4,832,4211158072
taccaci/geoapi-workers:130a327,819,4212536074
tacc/monitors-api:2.4.3,814,239602122
tacc/monitors-api:2.4.1,814,239617808
tacc/monitors-api:2.4.2,814,239602136
tacc/files-api:2.4.6,813,240360831
tacc/files-api:2.4.7,813,240361081
tacc/files-api:2.4.8,813,240362764
tacc/files-api:2.4.9,813,240363724
tacc/files-api:2.4.5,813,240361004
tacc/realtime-api:2.2.19,812,242247076
tacc/realtime-api:2.2.20,812,242239442
tacc/monitors-api:2.4.0,812,239568302
tacc/monitors-api:2.2.24,812,239567612
tacc/realtime-api:2.2.21,812,242246253
tacc/realtime-api:2.2.22,812,242247003
tacc/realtime-api:2.2.23,812,242247039
tacc/apps-api:2.4.5,803,240421229
tacc/apps-api:2.4.6,803,240421090
tacc/apps-api:2.4.7,803,240421331
tacc/apps-api:2.4.8,803,240423038
tacc/apps-api:2.4.9,803,240423972
tacc/uuids-api:2.2.21,800,242185843
tacc/uuids-api:2.2.23,800,242186382
tacc/uuids-api:2.2.24,800,242185193
tacc/uuids-api:2.2.22,800,242186374
tacc/uuids-api:2.2.20,800,242179042
tacc/tags-api:2.2.19,795,227632491
tacc/tags-api:2.2.21,795,227632481
tacc/tags-api:2.2.20,795,227632501
tacc/tags-api:2.2.22,795,227633135
tacc/tags-api:2.2.23,795,227633105
tacc/transforms-api:2.2.12,792,236074112
tacc/transforms-api:2.2.15,792,237236135
tacc/transforms-api:2.2.17,792,237240886
tacc/transforms-api:2.2.18,792,237240926
tacc/transforms-api:2.2.14,792,236074817
tacc/legacy-jobs-api:2.4.5,791,239353927
tacc/jobs-api:2.2.22,790,239125729
tacc/legacy-jobs-api:2.4.2,790,238698434
tacc/legacy-jobs-api:2.4.4,790,238690970
tacc/jobs-api:2.2.20,790,239117737
tacc/jobs-api:2.2.21,790,239124583
tacc/jobs-api:2.2.23,790,239125745
tacc/jobs-api:2.2.24,790,239126035
tacc/legacy-jobs-api:2.4.3,790,238698491
tacc/legacy-jobs-api:2.4.5-dev,790,238691122
tacc/notifications-api:2.4.5,788,226426455
tacc/notifications-api:2.4.8,788,226428109
tacc/notifications-api:2.4.7,788,226426480
tacc/notifications-api:2.4.6,788,226426378
tacc/notifications-api:2.4.9,788,226429125
tacc/systems-api:2.4.8,785,234989101
tacc/systems-api:2.4.5,785,234987111
tacc/systems-api:2.4.7,785,234987227
tacc/systems-api:2.4.6,785,234986988
tacc/systems-api:2.4.9,785,234989879
taccaci/geoapi-workers:5d5a593,779,4212371919
taccaci/geoapi-workers:latest,779,4212371919
tacc/metadata-api:2.4.5,778,225139217
tacc/metadata-api:2.4.7,778,225139258
tacc/metadata-api:2.4.9,778,225141890
tacc/metadata-api:2.4.8,778,225140986
tacc/metadata-api:2.4.6,778,225139145
taccsciapps/jupyterlab:latest,767,833011768
taccwma/protx-geospatial:334920b,751,678088424
taccwma/protx-geospatial:3d3c1fb,744,880173444
taccwma/protx-geospatial:4cddb3a,744,815189011
rosutton/tacc-tophat:2.1.0,736,197448222
beckbw/tacc-tophat:2.1.0,736,197448222
gzynda/tacc-tophat:2.1.0,736,197448222
kberg001/tacc-tophat:2.1.0,736,197448222
selene31/tacc-tophat:2.1.0,736,197448222
ryg668/tacc-tophat:2.1.0,736,197448222
taccdash/shiny-demo:latest,731,1234668376
taccwma/protx-geospatial:fbee9be,710,874884931
taccwma/protx-geospatial:latest,710,874884931
gzynda/tacc-ubuntu16:0.0.2,706,132675149
gzynda/tacc-ubuntu16:latest,706,132675149
eriksf/tacc-base:ubuntu22.04-cuda11-tf2.11-pt1.13-impi19.0.9-common,701,18943811735
eriksf/tacc-base:ubuntu22.04-cuda11-tf2.11-pt1.13-mvapich2.3-ib,673,16915394492
tacc/tacc-base:ubuntu22.04-cuda11-tf2.11-pt1.13,670,16743919282
tacc/tacc-base:ubuntu22.04-impi19.0.9-common,650,6091225699
traceabilitychain/tacchain-baseos:x86_64-0.3.1,639,156573091
traceabilitychain/tacchain-ca:x86_64-1.0,639,239074244
traceabilitychain/tacchain-ca:x86_64-1.1,639,239074244
taccaci/jupyter-lab-hpc:1.1.0,636,6020800903
taccdash/shiny-briha-demo:latest,635,2902686156
eriksf/tacc-base:ubuntu20.04-cuda11-tf2.11-pt1.13-impi19.0.9-common,635,18389960603
wangyinz/tacc-containers:tacc-ubuntu22-impi19.0.7-common,631,2035621093
tacc/tacc-base:ubuntu22.04-cuda11,623,3887276997
tacc/tacc-base:ubuntu22.04-mvapich2.3-psm2,623,4064131899
tacc/tacc-base:ubuntu22.04-mvapich2.3-ib,623,4062689173
taccisum/taccisum-online:0.3.1.4,615,580430484
eriksf/tacc-base:ubuntu20.04-cuda11-tf2.11-pt1.13-mvapich2.3-ib,611,16778500476
taccisum/pigeon:0.1.1,608,565678747
taccaci/tapis-files:latest,605,613442593
taccaci/jupyter-notebook-hpc-test:latest,597,1129874376
taccaci/jupyter-notebook-hpc:latest,597,1129874372
taccisum/taccisum-online:0.3.1.5,593,580453365
jaeestee/tacc-container-base:jupyter,588,1281314575
taccisum/pigeon:0.2.1,585,574660833
taccaci/rstudio:4.3.0,579,1879375378
taccisum/taccisum-online:0.3.1.6,577,580465976
taccisum/taccisum-online:0.3.1.7,577,580467067
taccaci/fiji:latest,575,897562844
taccaci/pyreconstruct-dev:0.0.1,570,10406365038
taccisum/pigeon:0.2.1.1,564,574691276
taccisum/pigeon:latest,564,574691276
taccaci/napari:0.4.17,558,10498529633
taccaci/rstudio:4.3,551,1993498353
taccisum/pigeon:0.2,546,574658844
wangyinz/tacc-containers:tacc-ubuntu20-impi19.0.7-common,515,1558654348
taccisum/taccisum-online:latest,515,580467067
tacco/get-started:part2,504,194265583
tacco/get-started:part1,504,194265583
ngaffney/tacc-iraf:latest,492,8090917563
tacca/ubuntu18_jdk7_tomcat7_svn_ant:latest,480,487276609
tacc/keys-nginx:0.1.0,479,108938917
tacc/keys-nginx:0.3.0,479,108948687
tacc/keys-nginx:0.2.0,479,108948683
tacc/keys-nginx:latest,479,108948537
gzynda/tacc-base:0.0.2,476,113904060
artzha/tacc-tutorial:latest,476,17389398364
gzynda/tacc-base:latest,476,113904060
tacc/generic_signup_nginx:latest,476,115835310
tacc/sgci_signup_nginx:latest,476,115824562
gzynda/tacc-ubuntu16:hikari,472,114527236
gzynda/tacc-ubuntu16:ls5,472,114527236
tacca/ubuntu18_jdk7_tomcat7_svn:latest,472,447460098
gzynda/tacc-ubuntu16:maverick2,472,114527236
tacc/agave-migrations:2.4.9,469,225623284
tacc/agave-migrations:2.4.6,469,225622805
tacc/agave-migrations:2.4.7,469,225622810
tacc/agave-migrations:2.4.5,469,225622811
tacc/agave-migrations:2.4.8,469,225623288
tacca/ubuntu18_jdk8_tomcat7_svn_ant:latest,455,387992533
taccaci/opensees-express-interactive:3.5.1,455,1492392832
taccaci/jupyter-lab-hpc:ubuntu-22.04-cuda,444,14546275465
oac467/tacc_tst:latest,441,127641474
tacca/ubuntu18_jdk7-msttf:latest,440,419706013
tacca/ubuntu18_jdk7_tomcat7:latest,439,438595995
yxg7510/tacc:framenet_testv4,437,13020047382
taccisum/test_repo:part1,433,148249392
taccaci/jupyter-lab-hpc:designsafe-cuda,428,14621771732
gcurbelo/tacc-reporter:dev.temp,428,824923838
yxg7510/tacc:framenet_testv5,428,13808357290
yxg7510/tacc:framenet_testv3,426,12826404066
yxg7510/tacc:framenet_testv1,426,12448693891
yxg7510/tacc:framenet_testv2,426,12448694409
taccaci/opensees-interactive:3.5.1,424,1778229050
taccaci/opensees-interactive:3.5.1-test,424,1775896142
taccaci/opensees-express-interactive:3.5.1-full,423,1636580777
taccaya/python:initial,400,130687504
taccaci/opensees-express:3.5.1,399,1363090683
taccaci/opensees-express:3.5.0,398,745449489
tacc/system_creation_reactor:portals_api,396,1254320755
tacc/system_creation_service:debug,396,1254323535
tacc/system_creation_service:portals,396,1254320755
tacc/system_creation_service:staging,396,1254323485
tacc/system_creation_reactor:staging,396,1254323485
tacc/abaco-binary-result:latest,395,984066991
tacc/abresult:latest,395,984066926
tacc/abaco-echo:latest,395,984066839
tacc/nginx-api-error:latest,392,109239297
ngaffney/taccai:manifest-arm32v7,388,28514707517
ngaffney/taccai:manifest-arm64v8,388,28514707517
ngaffney/taccai:manifest-amd64,388,28514707517
ngaffney/taccai:manifest-latest,388,28514707517
tacc/dash_rolodex_test:7b00c058,380,973759121
tacc/dash_rolodex_test:ab604992,380,974719542
tacc/dash_rolodex_test:staging,380,974719542
tacc/dash_rolodex_test:cf36757b,380,973762462
tacc/dash_rolodex_test:latest,380,974719542
ccc44a2ts/taccc:latest,367,564581784
tacc/cii-dash:production,367,436198965
tacc/cii-dash:staging,367,436198965
taccaci/opensees-express:3.5.1-full,365,1545639123
taccaci/opensees:3.5.1,365,1545639123
taccwma/protx-dashboard:e0a57ee,336,1301430749
tacc/tapis-cli-ng:latest,334,1002860520
taccwma/protx-dashboard:6aa6ef7,331,1309529172
gzynda/tacc-base:0.0.1,324,79618387
mzheng321/taccgpt:frontend_gradio,324,9536937258
ngaffney/tacc-base:ubuntu22.04-cuda12,324,5322638411
taccsciapps/admin_portal_v3:dev,295,210133740
taccsciapps/admin_portal_v3:prod,295,210133740
taccsciapps/admin_portal_v3:beta,294,212398216
tacc/aloe-jobsapi:2.4.17,291,203939606
tacc/aloe-jobsapi:2.4.16,291,203939330
tacc/aloe-jobsapi:2.4.20,289,204011473
tacc/aloe-jobsapi:2.4.21,289,204011638
tacc/aloe-jobsapi:2.4.18,289,204003185
tacc/aloe-jobsrdr-alt:2.4.16,263,194230905
tacc/aloe-jobsrdr-dead:2.4.17,263,194231073
tacc/aloe-jobsrdr-recovery:2.4.17,263,194231073
tacc/aloe-jobs-admin:2.4.17,263,194231073
tacc/aloe-jobsrdr-dead:2.4.16,263,194230905
tacc/aloe-migrate:2.4.16,263,194723718
tacc/aloe-migrate:2.4.17,263,194723886
tacc/aloe-jobs-admin:2.4.16,263,194230905
tacc/aloe-jobsrdr-alt:2.4.17,263,194231073
tacc/aloe-jobsrdr-recovery:2.4.16,263,194230905
tacc/aloe-jobswkr:2.4.16,263,194230905
tacc/aloe-jobswkr:2.4.17,263,194231073
tacc/jobsrdr-recovery:2.4.2,262,194138003
tacc/jobsrdr-alt:2.4.2,262,194138003
tacc/jobsrdr-dead:2.4.2,262,194138003
tacc/jobs-admin:2.4.2,262,194138003
tacc/jobswkr:2.4.2,262,194138003
tacc/migrate:2.4.2,262,194626517
tacc/aloe-jobsrdr-dead:2.4.21,261,198794280
tacc/aloe-jobsrdr-recovery:2.4.21,261,198794280
tacc/aloe-jobswkr:2.4.18,261,194301711
tacc/aloe-jobswkr:2.4.21,261,198794280
tacc/aloe-jobsrdr-alt:2.4.21,261,198794280
tacc/aloe-jobsrdr-recovery:2.4.18,261,194301711
tacc/aloe-jobsrdr-recovery:2.4.20,261,198794285
tacc/aloe-jobswkr:2.4.20,261,198794285
tacc/aloe-migrate:2.4.18,261,194794525
tacc/aloe-migrate:2.4.20,261,194804524
tacc/aloe-jobs-admin:2.4.18,261,194301711
tacc/aloe-jobs-admin:2.4.20,261,198794285
tacc/aloe-jobs-admin:2.4.21,261,198794280
tacc/aloe-jobsrdr-alt:2.4.18,261,194301711
tacc/aloe-jobsrdr-alt:2.4.20,261,198794285
tacc/aloe-jobsrdr-dead:2.4.18,261,194301711
tacc/aloe-jobsrdr-dead:2.4.20,261,198794285
tacc/aloe-migrate:2.4.21,261,194804519
tacc/aloe-postitsapi:2.4.16,260,189022156
tacc/aloe-uuidsapi:2.4.17,260,187475032
tacc/aloe-postitsapi:2.4.17,260,189022343
tacc/aloe-uuidsapi:2.4.16,260,187474826
tacc/aloe-uuidsapi:2.4.20,258,187538833
taccdash/covid19-us-msa-dash:ee3b99d2,258,1626500590
tacc/aloe-postitsapi:2.4.18,258,190778689
tacc/aloe-postitsapi:2.4.20,258,190778868
tacc/aloe-uuidsapi:2.4.18,258,187538664
tacc/aloe-uuidsapi:2.4.21,258,187538814
taccdash/covid19-us-msa-dash:staging,252,1626500590
tacca/ubuntu18_jdk7:latest,237,370938762
tacc/jobsapi:2.4.2,233,202949682
tacc/docker2singularity:latest,228,112738637
taccdash/democratizingdata-wdc:e968dc0f,222,215457839
taccdash/democratizingdata-wdc:pprd,222,215457839
taccdash/democratizingdata-wdc:prod,222,215457835
taccdash/democratizingdata-wdc:057fe76c,222,215457835
taccdash/democratizingdata-wdc:latest,222,215457835
taccdash/covid19-school-risk-dash:0011b3de,216,897022851
taccdash/covid19-school-risk-dash:a1f63db4,214,899522357
taccdash/a2cps-biospecimen-shipment-and-data-submission-report:latest,211,465635998
taccdash/a2cps-case-report-form-report:51987fff,211,465635264
taccdash/a2cps-case-report-form-report:latest,211,465635264
taccdash/a2cps-biospecimen-shipment-and-data-submission-report:9e58de38,211,465635998
taccdash/a2cps-image-submission-report-dash:latest,207,465627985
taccdash/a2cps-image-submission-report-dash:c33ee391,207,465627730
tacck/composer-php:1.10.10,207,83924715
tacck/composer-php:latest,207,83924715
taccdash/a2cps-image-submission-report-dash:32645d61,207,465627985
taccdash/a2cps-image-submission-report-dash:5d0ece7a,207,465627975
taccdash/a2cps-image-submission-report-dash:6514423c,207,465626551
taccdash/k8s-restart-listener:latest,207,170899379
taccdash/a2cps-imaging-overview-dash:20c62f0e,206,449867558
taccdash/covid19-school-risk-dash:302d45a2,203,899473566
taccdash/covid19-school-risk-dash:latest,203,899473566
taccdash/covid19-school-risk-dash:master,203,899473566
tacc/uuidsapi:2.4.2,202,186602653
taccsciapps/jupyterhub-admin:d26fb4ba,201,384829543
taccdash/covid19-tsa-dash:193f1395,201,1481915442
taccsciapps/jupyterhub-admin:616ecf5b,201,384831490
taccsciapps/jupyterhub-admin:2b229a7b,201,384827559
taccsciapps/jupyterhub-admin:c257f860,201,384874164
taccsciapps/jupyterhub-admin:dev,201,384874164
gcurbelo/tacc-portal:dev,200,387940154
taccdash/covid19-us-msa-dash:master,198,1631207832
tacc4moi99/quotesweb:v1,198,439467354
taccdash/covid19-us-msa-dash:f350ded4,198,1631207832
gcurbelo/tacc-reporter:pgres,190,401853341
gcurbelo/tacc-reporter:dev,190,393071262
tacc/aloe-postitsapi:2.4.21,189,190778865
taccdash/covid19-tsa-dash:e1275cdf,189,1499088192
taccdash/a2cps-monthly-enrollment-dash:0b9abe67,184,466034692
taccaci/extract:latest,179,136446763
tacc/pearc19:0.1,176,86958962
tacc/gateways:0.1,176,86958970
tacc/gateways19:0.1.0,176,86958970
tacc/uh-workshop19:0.1.0,176,86958948
taccdash/a2cps-monthly-enrollment-dash:02709b21,173,466534554
taccdash/a2cps-monthly-enrollment-dash:production,173,466534554
taccdash/a2cps-imaging-overview-dash:db531b5f,172,451414719
taccdash/a2cps-imaging-overview-dash:latest,172,451415214
taccdash/a2cps-monthly-enrollment-dash:latest,172,449868203
taccdash/a2cps-imaging-overview-dash:bd3633d8,172,451415214
taccdash/a2cps-imaging-overview-dash:production,172,451414719
taccdash/a2cps-monthly-enrollment-dash:bbee99b6,172,449868203
taccatisid/caliper:latest,170,288920412
taccdash/covid19_austin_dash:8c4e3e8c,168,591914548
taccdash/covid19_austin_dash:532d810a,168,593477444
taccdash/covid19-tsa-dash:17d777b8,156,1502645609
taccdash/covid19-tsa-dash:latest,156,1502645609
taccdash/covid19-tsa-dash:master,156,1502645609
tacccccc21/docker101tutorial:latest,155,26443233
taccaci/jupyter-lab-hpc:designsafe,148,2099358007
taccaci/jupyter-lab-hpc:designsafe-test,147,1127003803
tacccccc21/my-first-repo:latest,141,72901868
taccaci/hello-world-license:latest,141,80517771
tacc/tapis-cli:test-3x-py2,140,507848617
tacc/tapis-cli:test-3x-py3,138,495903898
taccdash/a2cps-datastore-imaging:61ef2bd2,137,462362783
taccdash/a2cps-datastore-imaging:latest,137,462373641
mzheng321/taccgpt:database,137,719960632
taccdash/a2cps-datastore-imaging:3d0cd04a,137,462362907
taccdash/a2cps-datastore-imaging:f35a17b7,137,462373641
taccdash/a2cps-datastore-imaging:fb99c480,137,462359994
taccdash/covid19_austin_dash:c355dca5,137,604025751
taccdash/covid19_austin_dash:latest,137,604025751
taccdash/covid19_austin_dash:master,137,604025751
taccaci/hello-world:latest,136,80480777
taccaci/compress:latest,133,82266882
taccaci/interactive-base:latest,131,80520639
taccaci/interactive-base:1.0.0,131,80520639
taccaci/interactive-dcvserver-tap_base:latest,131,80521617
taccaci/rstudio:4.0.0,131,80521028
tacc/singularity_test1:latest,126,74360611
taccaci/interactive-base:test,119,74363406
taccart/lab04:latest,112,53080992
taccdash/a2cps-datastore:824789ed,111,325152551
taccdash/a2cps-datastore:7cd5fc41,111,325152831
taccdash/a2cps-datastore:aef8bddb,111,325152552
taccdash/a2cps-datastore:e4ab4d00,111,325152547
taccaci/hazmapper:2643e39,106,65084226
taccaci/taggit:01f58b4,106,141235620
taccaci/taggit:3080fd1,106,141233439
taccaci/taggit:8352334,106,141233790
taccaci/hazmapper:05aaab3,106,65084226
taccaci/hazmapper:9676baf,106,65084226
taccaci/hazmapper:ffa8fe4,106,65084274
taccaci/hazmapper:latest,106,65084226
taccaci/taggit:2c6d36d,106,141239554
taccaci/taggit:aee1c7e,106,141235620
taccdash/a2cps-datastore:latest,105,325512318
tacck/pict:20191018,97,8278693
tacck/pict:latest,97,8278693
taccadocker/api:1.0,93,85579433
taccadocker/frontend:1.0,93,89787568
taccaci/compress:0.0.2,90,76471774
taccaci/interactive-base:tapis-v2,88,74771477
taccaci/interactive-base:1.1.0,88,74767173
taccaya/myfirstapp:latest,86,57006728
tacca/codeedu-slimgo-helloworld:latest,55,1766406
mzheng321/taccgpt:frontend,34,1008722954
taccb/getting-started:latest,34,268151131
taccadocker/db:1.0,31,238031289
taccaci/hazmapper-react:2643e39,26,41747011
taccaci/hazmapper-react:05aaab3,26,41746849
taccaci/hazmapper-react:9676baf,26,41746849
taccaci/hazmapper-react:ffa8fe4,26,41646786
tacc/netsage-nfdump-collector:alpine-1.6.23,22,287532105
taccaci/hazmapper-react:latest,20,42342041
